SUBDIVISION,Year,Forecasted_Rainfall,Lower_Bound,Upper_Bound,Alert,MAE,RMSE
Andaman & Nicobar Islands,2018,2808.46,1665.36,3951.56,Normal Rainfall,541.74,649.84
Andaman & Nicobar Islands,2019,2945.95,1799.82,4092.08,Normal Rainfall,541.74,649.84
Andaman & Nicobar Islands,2020,3090.91,1939.9,4241.93,Normal Rainfall,541.74,649.84
Andaman & Nicobar Islands,2021,3070.7,1914.86,4226.55,Normal Rainfall,541.74,649.84
Andaman & Nicobar Islands,2022,3170.6,2009.91,4331.28,Heavy Rainfall Alert,541.74,649.84
Andaman & Nicobar Islands,2023,3314.79,2149.25,4480.33,Heavy Rainfall Alert,541.74,649.84
Andaman & Nicobar Islands,2024,3165.12,1994.71,4335.53,Heavy Rainfall Alert,541.74,649.84
Andaman & Nicobar Islands,2025,3287.64,2112.36,4462.91,Heavy Rainfall Alert,541.74,649.84
Andaman & Nicobar Islands,2026,2973.41,1793.44,4153.39,Normal Rainfall,541.74,649.84
Andaman & Nicobar Islands,2027,2942.27,1758.83,4125.71,Normal Rainfall,541.74,649.84
Arunachal Pradesh,2018,2744.84,912.75,4576.93,Below Normal Rainfall,566.3,619.85
Arunachal Pradesh,2019,2785.48,853.07,4717.89,Below Normal Rainfall,566.3,619.85
Arunachal Pradesh,2020,2561.85,595.17,4528.53,Drought Warning,566.3,619.85
Arunachal Pradesh,2021,2422.81,431.08,4414.55,Drought Warning,566.3,619.85
Arunachal Pradesh,2022,2425.41,410.49,4440.34,Drought Warning,566.3,619.85
Arunachal Pradesh,2023,2847.12,809.57,4884.67,Below Normal Rainfall,566.3,619.85
Arunachal Pradesh,2024,2962.68,902.82,5022.55,Below Normal Rainfall,566.3,619.85
Arunachal Pradesh,2025,2246.0,164.04,4327.95,Drought Warning,566.3,619.85
Arunachal Pradesh,2026,2331.55,227.9,4435.2,Drought Warning,566.3,619.85
Arunachal Pradesh,2027,2235.34,109.08,4361.59,Drought Warning,566.3,619.85
Assam & Meghalaya,2018,2330.55,1676.71,2984.39,Below Normal Rainfall,342.89,430.27
Assam & Meghalaya,2019,2421.65,1767.23,3076.07,Below Normal Rainfall,342.89,430.27
Assam & Meghalaya,2020,2452.64,1792.81,3112.48,Normal Rainfall,342.89,430.27
Assam & Meghalaya,2021,2354.66,1690.23,3019.09,Below Normal Rainfall,342.89,430.27
Assam & Meghalaya,2022,2458.36,1790.08,3126.64,Normal Rainfall,342.89,430.27
Assam & Meghalaya,2023,2407.53,1734.75,3080.31,Below Normal Rainfall,342.89,430.27
Assam & Meghalaya,2024,2399.77,1722.37,3077.17,Below Normal Rainfall,342.89,430.27
Assam & Meghalaya,2025,2342.24,1660.24,3024.24,Below Normal Rainfall,342.89,430.27
Assam & Meghalaya,2026,2389.93,1703.34,3076.52,Below Normal Rainfall,342.89,430.27
Assam & Meghalaya,2027,2291.28,1600.12,2982.44,Below Normal Rainfall,342.89,430.27
Naga Mani Mizo Tripura,2018,2347.99,1531.06,3164.92,Normal Rainfall,380.03,418.73
Naga Mani Mizo Tripura,2019,2249.86,1372.45,3127.27,Below Normal Rainfall,380.03,418.73
Naga Mani Mizo Tripura,2020,1891.58,996.81,2786.36,Drought Warning,380.03,418.73
Naga Mani Mizo Tripura,2021,1977.55,1073.09,2882.0,Below Normal Rainfall,380.03,418.73
Naga Mani Mizo Tripura,2022,1931.15,1020.24,2842.05,Drought Warning,380.03,418.73
Naga Mani Mizo Tripura,2023,2151.18,1232.98,3069.39,Below Normal Rainfall,380.03,418.73
Naga Mani Mizo Tripura,2024,2172.01,1246.72,3097.3,Below Normal Rainfall,380.03,418.73
Naga Mani Mizo Tripura,2025,2074.83,1142.52,3007.14,Below Normal Rainfall,380.03,418.73
Naga Mani Mizo Tripura,2026,2180.24,1240.93,3119.55,Below Normal Rainfall,380.03,418.73
Naga Mani Mizo Tripura,2027,1921.02,974.71,2867.34,Drought Warning,380.03,418.73
Sub Himalayan West Bengal & Sikkim,2018,2314.67,1619.24,3010.1,Below Normal Rainfall,336.07,372.42
Sub Himalayan West Bengal & Sikkim,2019,2755.91,2059.58,3452.25,Normal Rainfall,336.07,372.42
Sub Himalayan West Bengal & Sikkim,2020,2502.89,1800.87,3204.92,Below Normal Rainfall,336.07,372.42
Sub Himalayan West Bengal & Sikkim,2021,2526.34,1819.25,3233.42,Below Normal Rainfall,336.07,372.42
Sub Himalayan West Bengal & Sikkim,2022,2748.4,2036.51,3460.3,Normal Rainfall,336.07,372.42
Sub Himalayan West Bengal & Sikkim,2023,2648.32,1931.43,3365.22,Normal Rainfall,336.07,372.42
Sub Himalayan West Bengal & Sikkim,2024,2702.77,1980.87,3424.67,Normal Rainfall,336.07,372.42
Sub Himalayan West Bengal & Sikkim,2025,2545.85,1818.97,3272.73,Below Normal Rainfall,336.07,372.42
Sub Himalayan West Bengal & Sikkim,2026,2509.55,1777.72,3241.39,Below Normal Rainfall,336.07,372.42
Sub Himalayan West Bengal & Sikkim,2027,2578.98,1842.22,3315.74,Below Normal Rainfall,336.07,372.42
Gangetic West Bengal,2018,1456.64,970.79,1942.49,Normal Rainfall,242.92,316.01
Gangetic West Bengal,2019,1637.94,1152.09,2123.79,Normal Rainfall,242.92,316.01
Gangetic West Bengal,2020,1479.71,989.0,1970.42,Normal Rainfall,242.92,316.01
Gangetic West Bengal,2021,1504.52,1010.4,1998.65,Normal Rainfall,242.92,316.01
Gangetic West Bengal,2022,1455.63,958.5,1952.75,Normal Rainfall,242.92,316.01
Gangetic West Bengal,2023,1530.43,1029.9,2030.96,Normal Rainfall,242.92,316.01
Gangetic West Bengal,2024,1444.95,940.9,1949.0,Normal Rainfall,242.92,316.01
Gangetic West Bengal,2025,1643.79,1136.26,2151.32,Heavy Rainfall Alert,242.92,316.01
Gangetic West Bengal,2026,1496.47,985.48,2007.46,Normal Rainfall,242.92,316.01
Gangetic West Bengal,2027,1435.79,921.37,1950.21,Normal Rainfall,242.92,316.01
Orissa,2018,1502.45,1105.35,1899.55,Normal Rainfall,152.82,170.92
Orissa,2019,1407.09,1009.86,1804.31,Normal Rainfall,152.82,170.92
Orissa,2020,1363.09,965.35,1760.84,Below Normal Rainfall,152.82,170.92
Orissa,2021,1516.09,1117.99,1914.2,Normal Rainfall,152.82,170.92
Orissa,2022,1318.28,920.78,1715.79,Below Normal Rainfall,152.82,170.92
Orissa,2023,1372.01,974.23,1769.79,Below Normal Rainfall,152.82,170.92
Orissa,2024,1347.35,949.18,1745.51,Below Normal Rainfall,152.82,170.92
Orissa,2025,1441.14,1042.6,1839.68,Normal Rainfall,152.82,170.92
Orissa,2026,1353.27,954.35,1752.2,Below Normal Rainfall,152.82,170.92
Orissa,2027,1391.68,992.37,1791.0,Normal Rainfall,152.82,170.92
Jharkhand,2018,1246.71,842.5,1650.93,Normal Rainfall,146.01,208.87
Jharkhand,2019,1327.78,922.69,1732.86,Normal Rainfall,146.01,208.87
Jharkhand,2020,1215.85,810.62,1621.07,Below Normal Rainfall,146.01,208.87
Jharkhand,2021,1252.27,847.04,1657.51,Normal Rainfall,146.01,208.87
Jharkhand,2022,1057.1,652.6,1461.6,Below Normal Rainfall,146.01,208.87
Jharkhand,2023,1218.32,813.92,1622.72,Below Normal Rainfall,146.01,208.87
Jharkhand,2024,1124.21,719.81,1528.62,Below Normal Rainfall,146.01,208.87
Jharkhand,2025,1253.86,849.45,1658.28,Normal Rainfall,146.01,208.87
Jharkhand,2026,1135.21,730.78,1539.64,Below Normal Rainfall,146.01,208.87
Jharkhand,2027,1135.57,731.11,1540.02,Below Normal Rainfall,146.01,208.87
Bihar,2018,1058.83,658.88,1458.77,Below Normal Rainfall,200.3,269.61
Bihar,2019,1199.01,793.09,1604.92,Normal Rainfall,200.3,269.61
Bihar,2020,1144.03,737.79,1550.28,Normal Rainfall,200.3,269.61
Bihar,2021,1176.88,770.59,1583.17,Normal Rainfall,200.3,269.61
Bihar,2022,1064.07,657.82,1470.32,Below Normal Rainfall,200.3,269.61
Bihar,2023,1164.99,758.67,1571.31,Normal Rainfall,200.3,269.61
Bihar,2024,1119.65,713.32,1525.98,Below Normal Rainfall,200.3,269.61
Bihar,2025,1143.74,737.41,1550.07,Normal Rainfall,200.3,269.61
Bihar,2026,1062.53,656.2,1468.87,Below Normal Rainfall,200.3,269.61
Bihar,2027,1025.83,619.5,1432.16,Below Normal Rainfall,200.3,269.61
East Uttar Pradesh,2018,799.39,391.38,1207.4,Below Normal Rainfall,138.95,158.01
East Uttar Pradesh,2019,783.34,371.69,1195.0,Below Normal Rainfall,138.95,158.01
East Uttar Pradesh,2020,865.03,451.8,1278.26,Below Normal Rainfall,138.95,158.01
East Uttar Pradesh,2021,715.22,300.52,1129.92,Drought Warning,138.95,158.01
East Uttar Pradesh,2022,708.29,293.43,1123.15,Drought Warning,138.95,158.01
East Uttar Pradesh,2023,778.19,362.03,1194.34,Drought Warning,138.95,158.01
East Uttar Pradesh,2024,702.56,285.09,1120.02,Drought Warning,138.95,158.01
East Uttar Pradesh,2025,770.91,352.1,1189.72,Drought Warning,138.95,158.01
East Uttar Pradesh,2026,674.49,254.31,1094.67,Drought Warning,138.95,158.01
East Uttar Pradesh,2027,713.51,291.94,1135.08,Drought Warning,138.95,158.01
West Uttar Pradesh,2018,738.08,370.62,1105.54,Below Normal Rainfall,167.93,198.0
West Uttar Pradesh,2019,654.03,283.88,1024.18,Drought Warning,167.93,198.0
West Uttar Pradesh,2020,747.91,372.13,1123.69,Below Normal Rainfall,167.93,198.0
West Uttar Pradesh,2021,593.27,215.82,970.72,Drought Warning,167.93,198.0
West Uttar Pradesh,2022,620.72,241.75,999.7,Drought Warning,167.93,198.0
West Uttar Pradesh,2023,616.77,235.89,997.64,Drought Warning,167.93,198.0
West Uttar Pradesh,2024,637.64,254.45,1020.82,Drought Warning,167.93,198.0
West Uttar Pradesh,2025,565.57,180.16,950.99,Drought Warning,167.93,198.0
West Uttar Pradesh,2026,635.34,247.69,1023.0,Drought Warning,167.93,198.0
West Uttar Pradesh,2027,667.85,277.97,1057.73,Below Normal Rainfall,167.93,198.0
Uttarakhand,2018,1384.46,838.62,1930.31,Below Normal Rainfall,190.23,241.76
Uttarakhand,2019,1515.48,964.91,2066.04,Normal Rainfall,190.23,241.76
Uttarakhand,2020,1392.43,837.58,1947.27,Normal Rainfall,190.23,241.76
Uttarakhand,2021,1218.67,659.62,1777.73,Below Normal Rainfall,190.23,241.76
Uttarakhand,2022,1374.89,813.08,1936.71,Below Normal Rainfall,190.23,241.76
Uttarakhand,2023,1319.01,753.18,1884.83,Below Normal Rainfall,190.23,241.76
Uttarakhand,2024,1333.03,763.16,1902.9,Below Normal Rainfall,190.23,241.76
Uttarakhand,2025,1378.63,804.72,1952.54,Below Normal Rainfall,190.23,241.76
Uttarakhand,2026,1439.47,861.53,2017.42,Normal Rainfall,190.23,241.76
Uttarakhand,2027,1273.6,691.63,1855.58,Below Normal Rainfall,190.23,241.76
Haryana Delhi & Chandigarh,2018,464.26,180.88,747.65,Below Normal Rainfall,130.01,142.04
Haryana Delhi & Chandigarh,2019,523.47,239.52,807.42,Normal Rainfall,130.01,142.04
Haryana Delhi & Chandigarh,2020,527.09,242.35,811.82,Normal Rainfall,130.01,142.04
Haryana Delhi & Chandigarh,2021,475.59,190.08,761.1,Below Normal Rainfall,130.01,142.04
Haryana Delhi & Chandigarh,2022,459.51,173.98,745.05,Below Normal Rainfall,130.01,142.04
Haryana Delhi & Chandigarh,2023,371.8,85.51,658.09,Drought Warning,130.01,142.04
Haryana Delhi & Chandigarh,2024,494.3,207.24,781.36,Below Normal Rainfall,130.01,142.04
Haryana Delhi & Chandigarh,2025,441.98,154.16,729.81,Below Normal Rainfall,130.01,142.04
Haryana Delhi & Chandigarh,2026,478.18,189.59,766.77,Below Normal Rainfall,130.01,142.04
Haryana Delhi & Chandigarh,2027,461.76,172.4,751.11,Below Normal Rainfall,130.01,142.04
Punjab,2018,513.29,190.9,835.68,Below Normal Rainfall,119.67,153.38
Punjab,2019,592.67,270.14,915.2,Normal Rainfall,119.67,153.38
Punjab,2020,522.44,196.43,848.46,Below Normal Rainfall,119.67,153.38
Punjab,2021,530.97,202.81,859.12,Below Normal Rainfall,119.67,153.38
Punjab,2022,509.06,179.22,838.9,Below Normal Rainfall,119.67,153.38
Punjab,2023,421.92,89.94,753.9,Drought Warning,119.67,153.38
Punjab,2024,539.48,205.23,873.74,Below Normal Rainfall,119.67,153.38
Punjab,2025,484.76,148.26,821.26,Below Normal Rainfall,119.67,153.38
Punjab,2026,492.43,153.7,831.16,Below Normal Rainfall,119.67,153.38
Punjab,2027,477.1,136.15,818.05,Below Normal Rainfall,119.67,153.38
Himachal Pradesh,2018,1196.6,743.15,1650.06,Normal Rainfall,125.73,135.05
Himachal Pradesh,2019,1158.57,681.46,1635.68,Below Normal Rainfall,125.73,135.05
Himachal Pradesh,2020,1077.67,552.59,1602.75,Below Normal Rainfall,125.73,135.05
Himachal Pradesh,2021,1107.81,544.94,1670.68,Below Normal Rainfall,125.73,135.05
Himachal Pradesh,2022,1156.7,557.41,1755.99,Below Normal Rainfall,125.73,135.05
Himachal Pradesh,2023,1007.56,374.67,1640.45,Below Normal Rainfall,125.73,135.05
Himachal Pradesh,2024,1082.01,416.72,1747.31,Below Normal Rainfall,125.73,135.05
Himachal Pradesh,2025,1084.28,388.17,1780.38,Below Normal Rainfall,125.73,135.05
Himachal Pradesh,2026,1141.95,416.32,1867.58,Below Normal Rainfall,125.73,135.05
Himachal Pradesh,2027,1103.76,349.76,1857.75,Below Normal Rainfall,125.73,135.05
Jammu & Kashmir,2018,1199.32,724.34,1674.29,Normal Rainfall,261.67,292.51
Jammu & Kashmir,2019,1232.53,744.07,1721.0,Normal Rainfall,261.67,292.51
Jammu & Kashmir,2020,1182.53,672.25,1692.81,Normal Rainfall,261.67,292.51
Jammu & Kashmir,2021,1135.33,605.0,1665.66,Normal Rainfall,261.67,292.51
Jammu & Kashmir,2022,1160.14,610.5,1709.78,Normal Rainfall,261.67,292.51
Jammu & Kashmir,2023,980.19,411.86,1548.52,Below Normal Rainfall,261.67,292.51
Jammu & Kashmir,2024,1088.32,501.88,1674.76,Normal Rainfall,261.67,292.51
Jammu & Kashmir,2025,991.63,387.61,1595.64,Below Normal Rainfall,261.67,292.51
Jammu & Kashmir,2026,1142.84,521.75,1763.93,Normal Rainfall,261.67,292.51
Jammu & Kashmir,2027,1237.52,599.81,1875.23,Normal Rainfall,261.67,292.51
West Rajasthan,2018,322.98,119.62,526.35,Normal Rainfall,107.3,124.09
West Rajasthan,2019,312.63,109.29,515.97,Normal Rainfall,107.3,124.09
West Rajasthan,2020,274.3,70.95,477.65,Below Normal Rainfall,107.3,124.09
West Rajasthan,2021,294.53,91.18,497.87,Normal Rainfall,107.3,124.09
West Rajasthan,2022,296.5,93.65,499.36,Normal Rainfall,107.3,124.09
West Rajasthan,2023,278.55,75.72,481.38,Below Normal Rainfall,107.3,124.09
West Rajasthan,2024,321.64,118.81,524.47,Normal Rainfall,107.3,124.09
West Rajasthan,2025,343.18,140.35,546.01,Heavy Rainfall Alert,107.3,124.09
West Rajasthan,2026,281.36,78.53,484.19,Normal Rainfall,107.3,124.09
West Rajasthan,2027,358.16,155.32,560.99,Heavy Rainfall Alert,107.3,124.09
East Rajasthan,2018,821.9,502.03,1141.77,Heavy Rainfall Alert,156.74,186.06
East Rajasthan,2019,701.71,377.25,1026.18,Normal Rainfall,156.74,186.06
East Rajasthan,2020,672.32,313.33,1031.32,Normal Rainfall,156.74,186.06
East Rajasthan,2021,646.13,268.71,1023.55,Normal Rainfall,156.74,186.06
East Rajasthan,2022,656.62,257.57,1055.67,Normal Rainfall,156.74,186.06
East Rajasthan,2023,601.51,183.9,1019.12,Below Normal Rainfall,156.74,186.06
East Rajasthan,2024,706.15,269.7,1142.59,Normal Rainfall,156.74,186.06
East Rajasthan,2025,681.38,227.21,1135.54,Normal Rainfall,156.74,186.06
East Rajasthan,2026,645.2,173.85,1116.55,Normal Rainfall,156.74,186.06
East Rajasthan,2027,713.2,225.31,1201.08,Normal Rainfall,156.74,186.06
West Madhya Pradesh,2018,1104.91,732.76,1477.06,Heavy Rainfall Alert,168.08,223.67
West Madhya Pradesh,2019,979.05,605.51,1352.59,Normal Rainfall,168.08,223.67
West Madhya Pradesh,2020,938.01,564.07,1311.95,Normal Rainfall,168.08,223.67
West Madhya Pradesh,2021,1022.72,648.45,1397.0,Normal Rainfall,168.08,223.67
West Madhya Pradesh,2022,911.74,538.39,1285.1,Normal Rainfall,168.08,223.67
West Madhya Pradesh,2023,923.89,550.3,1297.48,Normal Rainfall,168.08,223.67
West Madhya Pradesh,2024,1031.43,657.61,1405.25,Normal Rainfall,168.08,223.67
West Madhya Pradesh,2025,936.41,562.33,1310.49,Normal Rainfall,168.08,223.67
West Madhya Pradesh,2026,928.11,553.75,1302.47,Normal Rainfall,168.08,223.67
West Madhya Pradesh,2027,986.49,611.84,1361.15,Normal Rainfall,168.08,223.67
East Madhya Pradesh,2018,1208.23,779.78,1636.68,Normal Rainfall,203.26,244.97
East Madhya Pradesh,2019,1134.63,706.01,1563.26,Below Normal Rainfall,203.26,244.97
East Madhya Pradesh,2020,1069.95,640.37,1499.54,Below Normal Rainfall,203.26,244.97
East Madhya Pradesh,2021,1124.81,694.56,1555.06,Below Normal Rainfall,203.26,244.97
East Madhya Pradesh,2022,1034.49,604.93,1464.05,Below Normal Rainfall,203.26,244.97
East Madhya Pradesh,2023,1133.81,703.73,1563.89,Below Normal Rainfall,203.26,244.97
East Madhya Pradesh,2024,1000.39,569.65,1431.12,Below Normal Rainfall,203.26,244.97
East Madhya Pradesh,2025,967.48,536.08,1398.88,Below Normal Rainfall,203.26,244.97
East Madhya Pradesh,2026,1034.02,601.94,1466.1,Below Normal Rainfall,203.26,244.97
East Madhya Pradesh,2027,1131.57,698.8,1564.35,Below Normal Rainfall,203.26,244.97
Gujarat Region,2018,1143.1,576.27,1709.92,Heavy Rainfall Alert,191.31,213.22
Gujarat Region,2019,885.04,318.23,1451.84,Normal Rainfall,191.31,213.22
Gujarat Region,2020,772.67,205.87,1339.47,Below Normal Rainfall,191.31,213.22
Gujarat Region,2021,898.83,332.07,1465.6,Normal Rainfall,191.31,213.22
Gujarat Region,2022,907.15,341.63,1472.67,Normal Rainfall,191.31,213.22
Gujarat Region,2023,804.11,238.64,1369.57,Below Normal Rainfall,191.31,213.22
Gujarat Region,2024,874.93,309.47,1440.4,Normal Rainfall,191.31,213.22
Gujarat Region,2025,980.96,415.49,1546.43,Normal Rainfall,191.31,213.22
Gujarat Region,2026,867.48,302.0,1432.96,Below Normal Rainfall,191.31,213.22
Gujarat Region,2027,928.28,362.79,1493.77,Normal Rainfall,191.31,213.22
Saurashtra & Kutch,2018,626.43,226.04,1026.81,Heavy Rainfall Alert,200.88,268.06
Saurashtra & Kutch,2019,611.42,211.14,1011.69,Heavy Rainfall Alert,200.88,268.06
Saurashtra & Kutch,2020,454.84,54.57,855.12,Below Normal Rainfall,200.88,268.06
Saurashtra & Kutch,2021,591.65,191.37,991.94,Heavy Rainfall Alert,200.88,268.06
Saurashtra & Kutch,2022,585.43,186.07,984.79,Heavy Rainfall Alert,200.88,268.06
Saurashtra & Kutch,2023,478.85,79.53,878.18,Normal Rainfall,200.88,268.06
Saurashtra & Kutch,2024,504.88,105.55,904.21,Normal Rainfall,200.88,268.06
Saurashtra & Kutch,2025,602.2,202.88,1001.53,Heavy Rainfall Alert,200.88,268.06
Saurashtra & Kutch,2026,461.98,62.65,861.31,Below Normal Rainfall,200.88,268.06
Saurashtra & Kutch,2027,588.74,189.41,988.06,Heavy Rainfall Alert,200.88,268.06
Konkan & Goa,2018,3436.97,2486.07,4387.87,Heavy Rainfall Alert,487.0,581.09
Konkan & Goa,2019,3236.01,2264.79,4207.23,Normal Rainfall,487.0,581.09
Konkan & Goa,2020,2937.52,1958.45,3916.6,Normal Rainfall,487.0,581.09
Konkan & Goa,2021,3191.01,2205.06,4176.95,Normal Rainfall,487.0,581.09
Konkan & Goa,2022,3403.68,2412.24,4395.12,Heavy Rainfall Alert,487.0,581.09
Konkan & Goa,2023,3332.89,2334.67,4331.11,Heavy Rainfall Alert,487.0,581.09
Konkan & Goa,2024,3290.15,2285.25,4295.05,Heavy Rainfall Alert,487.0,581.09
Konkan & Goa,2025,3057.29,2045.74,4068.83,Normal Rainfall,487.0,581.09
Konkan & Goa,2026,3082.62,2064.48,4100.76,Normal Rainfall,487.0,581.09
Konkan & Goa,2027,3157.14,2132.45,4181.84,Normal Rainfall,487.0,581.09
Madhya Maharashtra,2018,1049.36,745.84,1352.88,Heavy Rainfall Alert,123.63,173.04
Madhya Maharashtra,2019,901.0,580.82,1221.18,Normal Rainfall,123.63,173.04
Madhya Maharashtra,2020,866.59,543.13,1190.04,Normal Rainfall,123.63,173.04
Madhya Maharashtra,2021,929.53,604.67,1254.39,Normal Rainfall,123.63,173.04
Madhya Maharashtra,2022,982.96,657.44,1308.47,Heavy Rainfall Alert,123.63,173.04
Madhya Maharashtra,2023,938.04,611.53,1264.55,Normal Rainfall,123.63,173.04
Madhya Maharashtra,2024,884.58,557.15,1212.01,Normal Rainfall,123.63,173.04
Madhya Maharashtra,2025,879.15,550.83,1207.46,Normal Rainfall,123.63,173.04
Madhya Maharashtra,2026,893.09,563.9,1222.28,Normal Rainfall,123.63,173.04
Madhya Maharashtra,2027,932.34,602.27,1262.4,Normal Rainfall,123.63,173.04
Matathwada,2018,840.68,452.83,1228.53,Normal Rainfall,175.7,199.21
Matathwada,2019,814.86,421.69,1208.03,Normal Rainfall,175.7,199.21
Matathwada,2020,653.22,259.62,1046.81,Below Normal Rainfall,175.7,199.21
Matathwada,2021,746.3,352.56,1140.05,Below Normal Rainfall,175.7,199.21
Matathwada,2022,837.44,444.35,1230.54,Normal Rainfall,175.7,199.21
Matathwada,2023,827.6,434.28,1220.92,Normal Rainfall,175.7,199.21
Matathwada,2024,780.07,386.62,1173.52,Normal Rainfall,175.7,199.21
Matathwada,2025,772.11,378.55,1165.68,Normal Rainfall,175.7,199.21
Matathwada,2026,772.01,378.33,1165.69,Normal Rainfall,175.7,199.21
Matathwada,2027,765.33,371.53,1159.12,Normal Rainfall,175.7,199.21
Vidarbha,2018,1226.77,802.87,1650.68,Heavy Rainfall Alert,229.85,268.97
Vidarbha,2019,1081.43,654.21,1508.65,Normal Rainfall,229.85,268.97
Vidarbha,2020,964.29,532.87,1395.71,Below Normal Rainfall,229.85,268.97
Vidarbha,2021,1076.57,643.92,1509.22,Normal Rainfall,229.85,268.97
Vidarbha,2022,1050.87,617.57,1484.16,Normal Rainfall,229.85,268.97
Vidarbha,2023,1060.62,626.0,1495.23,Normal Rainfall,229.85,268.97
Vidarbha,2024,1049.21,612.9,1485.52,Normal Rainfall,229.85,268.97
Vidarbha,2025,1033.98,596.03,1471.93,Below Normal Rainfall,229.85,268.97
Vidarbha,2026,1071.37,631.77,1510.96,Normal Rainfall,229.85,268.97
Vidarbha,2027,1077.09,635.85,1518.32,Normal Rainfall,229.85,268.97
Chhattisgarh,2018,1331.05,913.79,1748.31,Normal Rainfall,153.47,186.53
Chhattisgarh,2019,1275.39,855.63,1695.14,Below Normal Rainfall,153.47,186.53
Chhattisgarh,2020,1179.45,758.35,1600.56,Below Normal Rainfall,153.47,186.53
Chhattisgarh,2021,1270.93,849.37,1692.5,Below Normal Rainfall,153.47,186.53
Chhattisgarh,2022,1157.81,737.02,1578.61,Below Normal Rainfall,153.47,186.53
Chhattisgarh,2023,1241.21,820.26,1662.16,Below Normal Rainfall,153.47,186.53
Chhattisgarh,2024,1207.87,786.43,1629.31,Below Normal Rainfall,153.47,186.53
Chhattisgarh,2025,1232.77,810.85,1654.7,Below Normal Rainfall,153.47,186.53
Chhattisgarh,2026,1190.9,768.47,1613.33,Below Normal Rainfall,153.47,186.53
Chhattisgarh,2027,1249.42,826.47,1672.38,Below Normal Rainfall,153.47,186.53
Coastal Andhra Pradesh,2018,1119.82,721.53,1518.12,Normal Rainfall,217.03,271.28
Coastal Andhra Pradesh,2019,1120.58,722.29,1518.87,Normal Rainfall,217.03,271.28
Coastal Andhra Pradesh,2020,1068.28,669.91,1466.66,Normal Rainfall,217.03,271.28
Coastal Andhra Pradesh,2021,997.03,598.57,1395.48,Below Normal Rainfall,217.03,271.28
Coastal Andhra Pradesh,2022,1191.24,793.26,1589.22,Heavy Rainfall Alert,217.03,271.28
Coastal Andhra Pradesh,2023,1072.88,674.93,1470.83,Normal Rainfall,217.03,271.28
Coastal Andhra Pradesh,2024,1115.09,717.14,1513.03,Normal Rainfall,217.03,271.28
Coastal Andhra Pradesh,2025,1029.29,631.34,1427.24,Normal Rainfall,217.03,271.28
Coastal Andhra Pradesh,2026,1049.65,651.68,1447.61,Normal Rainfall,217.03,271.28
Coastal Andhra Pradesh,2027,1081.77,683.79,1479.76,Normal Rainfall,217.03,271.28
Telangana,2018,1018.31,597.86,1438.77,Normal Rainfall,227.6,249.95
Telangana,2019,1014.51,591.69,1437.32,Normal Rainfall,227.6,249.95
Telangana,2020,909.93,484.89,1334.97,Normal Rainfall,227.6,249.95
Telangana,2021,911.42,485.56,1337.27,Normal Rainfall,227.6,249.95
Telangana,2022,1027.51,601.17,1453.84,Normal Rainfall,227.6,249.95
Telangana,2023,973.67,546.48,1400.86,Normal Rainfall,227.6,249.95
Telangana,2024,1049.59,621.39,1477.79,Heavy Rainfall Alert,227.6,249.95
Telangana,2025,1013.37,584.18,1442.56,Normal Rainfall,227.6,249.95
Telangana,2026,957.83,527.65,1388.01,Normal Rainfall,227.6,249.95
Telangana,2027,949.4,518.23,1380.57,Normal Rainfall,227.6,249.95
Rayalseema,2018,730.54,420.1,1040.98,Normal Rainfall,137.96,152.68
Rayalseema,2019,848.08,535.28,1160.87,Heavy Rainfall Alert,137.96,152.68
Rayalseema,2020,888.09,575.0,1201.19,Heavy Rainfall Alert,137.96,152.68
Rayalseema,2021,752.06,438.91,1065.2,Normal Rainfall,137.96,152.68
Rayalseema,2022,831.29,518.09,1144.49,Normal Rainfall,137.96,152.68
Rayalseema,2023,753.27,440.02,1066.52,Normal Rainfall,137.96,152.68
Rayalseema,2024,812.78,499.46,1126.1,Normal Rainfall,137.96,152.68
Rayalseema,2025,803.39,490.0,1116.77,Normal Rainfall,137.96,152.68
Rayalseema,2026,738.64,425.19,1052.09,Normal Rainfall,137.96,152.68
Rayalseema,2027,902.58,589.06,1216.09,Heavy Rainfall Alert,137.96,152.68
Tamil Nadu,2018,879.6,509.76,1249.45,Below Normal Rainfall,180.92,228.7
Tamil Nadu,2019,927.03,548.82,1305.25,Normal Rainfall,180.92,228.7
Tamil Nadu,2020,1026.34,647.53,1405.14,Normal Rainfall,180.92,228.7
Tamil Nadu,2021,921.33,542.45,1300.22,Normal Rainfall,180.92,228.7
Tamil Nadu,2022,924.93,545.99,1303.87,Normal Rainfall,180.92,228.7
Tamil Nadu,2023,930.74,551.73,1309.74,Normal Rainfall,180.92,228.7
Tamil Nadu,2024,816.02,437.01,1195.04,Below Normal Rainfall,180.92,228.7
Tamil Nadu,2025,817.5,438.48,1196.52,Below Normal Rainfall,180.92,228.7
Tamil Nadu,2026,840.04,461.02,1219.06,Below Normal Rainfall,180.92,228.7
Tamil Nadu,2027,918.07,539.05,1297.09,Normal Rainfall,180.92,228.7
Coastal Karnataka,2018,3931.67,2825.81,5037.52,Heavy Rainfall Alert,620.22,851.03
Coastal Karnataka,2019,3522.93,2414.69,4631.17,Normal Rainfall,620.22,851.03
Coastal Karnataka,2020,3244.48,2133.88,4355.08,Normal Rainfall,620.22,851.03
Coastal Karnataka,2021,3656.19,2543.27,4769.12,Normal Rainfall,620.22,851.03
Coastal Karnataka,2022,3494.77,2379.8,4609.74,Normal Rainfall,620.22,851.03
Coastal Karnataka,2023,3407.4,2290.15,4524.65,Normal Rainfall,620.22,851.03
Coastal Karnataka,2024,3023.26,1903.7,4142.82,Below Normal Rainfall,620.22,851.03
Coastal Karnataka,2025,3276.63,2154.77,4398.5,Normal Rainfall,620.22,851.03
Coastal Karnataka,2026,3381.71,2257.53,4505.88,Normal Rainfall,620.22,851.03
Coastal Karnataka,2027,3263.56,2137.08,4390.05,Normal Rainfall,620.22,851.03
North Interior Karnataka,2018,685.6,413.5,957.69,Normal Rainfall,106.34,132.31
North Interior Karnataka,2019,701.87,419.66,984.09,Normal Rainfall,106.34,132.31
North Interior Karnataka,2020,676.79,393.13,960.45,Below Normal Rainfall,106.34,132.31
North Interior Karnataka,2021,754.42,470.21,1038.62,Normal Rainfall,106.34,132.31
North Interior Karnataka,2022,774.44,490.09,1058.8,Normal Rainfall,106.34,132.31
North Interior Karnataka,2023,765.42,480.65,1050.19,Normal Rainfall,106.34,132.31
North Interior Karnataka,2024,728.31,443.18,1013.45,Normal Rainfall,106.34,132.31
North Interior Karnataka,2025,692.41,406.93,977.89,Normal Rainfall,106.34,132.31
North Interior Karnataka,2026,694.38,408.56,980.2,Normal Rainfall,106.34,132.31
North Interior Karnataka,2027,724.06,437.9,1010.22,Normal Rainfall,106.34,132.31
South Interior Karnataka,2018,1119.16,806.48,1431.85,Normal Rainfall,120.3,175.52
South Interior Karnataka,2019,1028.24,713.15,1343.34,Normal Rainfall,120.3,175.52
South Interior Karnataka,2020,1087.05,771.51,1402.6,Normal Rainfall,120.3,175.52
South Interior Karnataka,2021,1055.78,740.35,1371.2,Normal Rainfall,120.3,175.52
South Interior Karnataka,2022,1032.69,717.36,1348.03,Normal Rainfall,120.3,175.52
South Interior Karnataka,2023,1102.13,786.64,1417.62,Normal Rainfall,120.3,175.52
South Interior Karnataka,2024,1128.23,812.49,1443.98,Normal Rainfall,120.3,175.52
South Interior Karnataka,2025,1035.78,719.76,1351.8,Normal Rainfall,120.3,175.52
South Interior Karnataka,2026,964.21,647.91,1280.51,Below Normal Rainfall,120.3,175.52
South Interior Karnataka,2027,1070.85,754.27,1387.43,Normal Rainfall,120.3,175.52
Kerala,2018,2710.09,1818.65,3601.52,Below Normal Rainfall,446.45,528.77
Kerala,2019,2763.62,1854.6,3672.64,Below Normal Rainfall,446.45,528.77
Kerala,2020,2904.78,1994.26,3815.29,Normal Rainfall,446.45,528.77
Kerala,2021,2800.75,1889.86,3711.64,Normal Rainfall,446.45,528.77
Kerala,2022,2709.2,1800.31,3618.09,Below Normal Rainfall,446.45,528.77
Kerala,2023,2678.47,1769.54,3587.39,Below Normal Rainfall,446.45,528.77
Kerala,2024,2416.71,1507.78,3325.64,Below Normal Rainfall,446.45,528.77
Kerala,2025,2583.89,1674.93,3492.85,Below Normal Rainfall,446.45,528.77
Kerala,2026,2588.25,1679.23,3497.28,Below Normal Rainfall,446.45,528.77
Kerala,2027,2783.83,1874.69,3692.96,Normal Rainfall,446.45,528.77
Lakshadweep,2018,1465.55,932.65,1998.46,Below Normal Rainfall,121.28,164.62
Lakshadweep,2019,1722.94,1183.42,2262.47,Normal Rainfall,121.28,164.62
Lakshadweep,2020,1630.45,1090.42,2170.48,Normal Rainfall,121.28,164.62
Lakshadweep,2021,1611.02,1070.78,2151.26,Normal Rainfall,121.28,164.62
Lakshadweep,2022,1618.3,1077.9,2158.7,Normal Rainfall,121.28,164.62
Lakshadweep,2023,1694.52,1155.66,2233.38,Normal Rainfall,121.28,164.62
Lakshadweep,2024,1415.12,876.21,1954.03,Below Normal Rainfall,121.28,164.62
Lakshadweep,2025,1440.97,902.06,1979.89,Below Normal Rainfall,121.28,164.62
Lakshadweep,2026,1495.17,956.24,2034.1,Normal Rainfall,121.28,164.62
Lakshadweep,2027,1577.67,1038.69,2116.64,Normal Rainfall,121.28,164.62
