SUBDIVISION,YEAR,FORECAST_RAINFALL
Andaman & Nicobar Islands,2018,2867.81005859375
Andaman & Nicobar Islands,2019,2740.93505859375
Andaman & Nicobar Islands,2020,2808.684326171875
Andaman & Nicobar Islands,2021,2738.2734375
Andaman & Nicobar Islands,2022,2847.52392578125
Andaman & Nicobar Islands,2023,2825.73583984375
Andaman & Nicobar Islands,2024,2841.215576171875
Andaman & Nicobar Islands,2025,2834.22998046875
Andaman & Nicobar Islands,2026,2816.9423828125
Andaman & Nicobar Islands,2027,2795.80322265625
Andaman & Nicobar Islands,2028,2776.95947265625
Andaman & Nicobar Islands,2029,2859.1357421875
Andaman & Nicobar Islands,2030,2741.348388671875
Arunachal Pradesh,2018,2548.17822265625
Arunachal Pradesh,2019,2663.30419921875
Arunachal Pradesh,2020,2823.104736328125
Arunachal Pradesh,2021,2723.849853515625
Arunachal Pradesh,2022,2777.966064453125
Arunachal Pradesh,2023,2706.453369140625
Arunachal Pradesh,2024,2796.33056640625
Arunachal Pradesh,2025,2769.604736328125
Arunachal Pradesh,2026,2743.1220703125
Arunachal Pradesh,2027,2748.4130859375
Arunachal Pradesh,2028,2765.502685546875
Arunachal Pradesh,2029,2769.70751953125
Arunachal Pradesh,2030,2760.20849609375
Assam & Meghalaya,2018,2610.462890625
Assam & Meghalaya,2019,2618.447265625
Assam & Meghalaya,2020,2546.260498046875
Assam & Meghalaya,2021,2628.241943359375
Assam & Meghalaya,2022,2658.085693359375
Assam & Meghalaya,2023,2667.186279296875
Assam & Meghalaya,2024,2656.190185546875
Assam & Meghalaya,2025,2701.525146484375
Assam & Meghalaya,2026,2737.757568359375
Assam & Meghalaya,2027,2731.495849609375
Assam & Meghalaya,2028,2741.558837890625
Assam & Meghalaya,2029,2760.398193359375
Assam & Meghalaya,2030,2735.45703125
Bihar,2018,995.6922607421875
Bihar,2019,1081.3763427734375
Bihar,2020,1066.866943359375
Bihar,2021,1109.7236328125
Bihar,2022,1044.7388916015625
Bihar,2023,1072.1405029296875
Bihar,2024,1035.6854248046875
Bihar,2025,1075.9613037109375
Bihar,2026,1069.3875732421875
Bihar,2027,1090.5767822265625
Bihar,2028,1057.1832275390625
Bihar,2029,1056.79296875
Bihar,2030,1085.1607666015625
Chhattisgarh,2018,1259.6827392578125
Chhattisgarh,2019,1117.7042236328125
Chhattisgarh,2020,1203.0250244140625
Chhattisgarh,2021,1145.06201171875
Chhattisgarh,2022,1122.1251220703125
Chhattisgarh,2023,1123.3988037109375
Chhattisgarh,2024,1090.681396484375
Chhattisgarh,2025,1093.346923828125
Chhattisgarh,2026,1075.7945556640625
Chhattisgarh,2027,1048.806884765625
Chhattisgarh,2028,1055.6165771484375
Chhattisgarh,2029,1068.2559814453125
Chhattisgarh,2030,1099.8311767578125
Coastal Andhra Pradesh,2018,1059.4503173828125
Coastal Andhra Pradesh,2019,913.1029052734375
Coastal Andhra Pradesh,2020,994.10906982421875
Coastal Andhra Pradesh,2021,1026.026123046875
Coastal Andhra Pradesh,2022,937.52069091796875
Coastal Andhra Pradesh,2023,1064.95703125
Coastal Andhra Pradesh,2024,1104.7218017578125
Coastal Andhra Pradesh,2025,954.25299072265625
Coastal Andhra Pradesh,2026,1082.365234375
Coastal Andhra Pradesh,2027,1071.7860107421875
Coastal Andhra Pradesh,2028,1060.021484375
Coastal Andhra Pradesh,2029,1076.1234130859375
Coastal Andhra Pradesh,2030,1083.9146728515625
Coastal Karnataka,2018,2771.06591796875
Coastal Karnataka,2019,2936.50537109375
Coastal Karnataka,2020,2713.724365234375
Coastal Karnataka,2021,2695.710205078125
Coastal Karnataka,2022,2849.42333984375
Coastal Karnataka,2023,2783.5380859375
Coastal Karnataka,2024,2905.88232421875
Coastal Karnataka,2025,2666.441162109375
Coastal Karnataka,2026,2650.484130859375
Coastal Karnataka,2027,2718.099365234375
Coastal Karnataka,2028,2838.729736328125
Coastal Karnataka,2029,2778.288818359375
Coastal Karnataka,2030,2736.466064453125
East Madhya Pradesh,2018,1079.7652587890625
East Madhya Pradesh,2019,1157.32421875
East Madhya Pradesh,2020,940.930419921875
East Madhya Pradesh,2021,1105.449462890625
East Madhya Pradesh,2022,1040.553955078125
East Madhya Pradesh,2023,982.4620361328125
East Madhya Pradesh,2024,1054.5885009765625
East Madhya Pradesh,2025,1054.4432373046875
East Madhya Pradesh,2026,1091.979736328125
East Madhya Pradesh,2027,1093.8634033203125
East Madhya Pradesh,2028,1072.0740966796875
East Madhya Pradesh,2029,1061.2747802734375
East Madhya Pradesh,2030,1070.01025390625
East Rajasthan,2018,719.67156982421875
East Rajasthan,2019,729.5413818359375
East Rajasthan,2020,662.3306884765625
East Rajasthan,2021,710.6605224609375
East Rajasthan,2022,687.63427734375
East Rajasthan,2023,665.80572509765625
East Rajasthan,2024,688.8363037109375
East Rajasthan,2025,694.6820068359375
East Rajasthan,2026,665.51104736328125
East Rajasthan,2027,670.62969970703125
East Rajasthan,2028,670.7349853515625
East Rajasthan,2029,641.70233154296875
East Rajasthan,2030,643.180908203125
East Uttar Pradesh,2018,721.1751708984375
East Uttar Pradesh,2019,701.163330078125
East Uttar Pradesh,2020,704.9892578125
East Uttar Pradesh,2021,750.0848388671875
East Uttar Pradesh,2022,689.03521728515625
East Uttar Pradesh,2023,715.61865234375
East Uttar Pradesh,2024,729.39404296875
East Uttar Pradesh,2025,687.26043701171875
East Uttar Pradesh,2026,701.3824462890625
East Uttar Pradesh,2027,696.9501953125
East Uttar Pradesh,2028,733.347412109375
East Uttar Pradesh,2029,709.7696533203125
East Uttar Pradesh,2030,718.11566162109375
Gangetic West Bengal,2018,1592.2943115234375
Gangetic West Bengal,2019,1724.4942626953125
Gangetic West Bengal,2020,1759.3311767578125
Gangetic West Bengal,2021,1832.9765625
Gangetic West Bengal,2022,2047.6236572265625
Gangetic West Bengal,2023,2067.183837890625
Gangetic West Bengal,2024,2253.99072265625
Gangetic West Bengal,2025,2430.700927734375
Gangetic West Bengal,2026,2534.477783203125
Gangetic West Bengal,2027,2557.66162109375
Gangetic West Bengal,2028,2636.45068359375
Gangetic West Bengal,2029,2656.364990234375
Gangetic West Bengal,2030,2701.64306640625
Gujarat Region,2018,871.01519775390625
Gujarat Region,2019,831.68609619140625
Gujarat Region,2020,949.66668701171875
Gujarat Region,2021,887.70947265625
Gujarat Region,2022,897.5675048828125
Gujarat Region,2023,957.948486328125
Gujarat Region,2024,909.8587646484375
Gujarat Region,2025,926.72808837890625
Gujarat Region,2026,982.4444580078125
Gujarat Region,2027,895.39013671875
Gujarat Region,2028,935.3983154296875
Gujarat Region,2029,1012.5492553710938
Gujarat Region,2030,915.28125
Haryana Delhi & Chandigarh,2018,488.24847412109375
Haryana Delhi & Chandigarh,2019,540.63348388671875
Haryana Delhi & Chandigarh,2020,472.0320739746094
Haryana Delhi & Chandigarh,2021,517.223876953125
Haryana Delhi & Chandigarh,2022,514.41351318359375
Haryana Delhi & Chandigarh,2023,537.74169921875
Haryana Delhi & Chandigarh,2024,555.873291015625
Haryana Delhi & Chandigarh,2025,579.60772705078125
Haryana Delhi & Chandigarh,2026,626.2119140625
Haryana Delhi & Chandigarh,2027,594.37310791015625
Haryana Delhi & Chandigarh,2028,629.39837646484375
Haryana Delhi & Chandigarh,2029,626.70947265625
Haryana Delhi & Chandigarh,2030,650.35137939453125
Himachal Pradesh,2018,1028.0379638671875
Himachal Pradesh,2019,988.7344970703125
Himachal Pradesh,2020,1072.0592041015625
Himachal Pradesh,2021,1061.0216064453125
Himachal Pradesh,2022,1085.6617431640625
Himachal Pradesh,2023,1073.3134765625
Himachal Pradesh,2024,1079.8922119140625
Himachal Pradesh,2025,1069.4404296875
Himachal Pradesh,2026,1069.064208984375
Himachal Pradesh,2027,1061.5335693359375
Himachal Pradesh,2028,1064.053466796875
Himachal Pradesh,2029,1082.271484375
Himachal Pradesh,2030,1097.1011962890625
Jammu & Kashmir,2018,1087.687744140625
Jammu & Kashmir,2019,1214.88623046875
Jammu & Kashmir,2020,1143.829833984375
Jammu & Kashmir,2021,1140.087890625
Jammu & Kashmir,2022,1106.1231689453125
Jammu & Kashmir,2023,1108.443359375
Jammu & Kashmir,2024,1102.2677001953125
Jammu & Kashmir,2025,1076.4500732421875
Jammu & Kashmir,2026,1056.423095703125
Jammu & Kashmir,2027,1063.1640625
Jammu & Kashmir,2028,1091.9388427734375
Jammu & Kashmir,2029,1100.4183349609375
Jammu & Kashmir,2030,1041.0152587890625
Jharkhand,2018,1192.348388671875
Jharkhand,2019,1083.061279296875
Jharkhand,2020,1134.4356689453125
Jharkhand,2021,1144.9127197265625
Jharkhand,2022,1096.883056640625
Jharkhand,2023,1065.826171875
Jharkhand,2024,1057.6695556640625
Jharkhand,2025,1067.111572265625
Jharkhand,2026,1064.453125
Jharkhand,2027,1093.196533203125
Jharkhand,2028,1068.733154296875
Jharkhand,2029,1052.8828125
Jharkhand,2030,1065.2601318359375
Kerala,2018,2430.255126953125
Kerala,2019,2591.24560546875
Kerala,2020,2698.147216796875
Kerala,2021,2651.4208984375
Kerala,2022,2668.93212890625
Kerala,2023,2649.609130859375
Kerala,2024,2762.92626953125
Kerala,2025,2735.885498046875
Kerala,2026,2711.47998046875
Kerala,2027,2717.720458984375
Kerala,2028,2752.513427734375
Kerala,2029,2798.001708984375
Kerala,2030,2706.154052734375
Konkan & Goa,2018,3043.268310546875
Konkan & Goa,2019,2722.658447265625
Konkan & Goa,2020,3139.719970703125
Konkan & Goa,2021,2794.359375
Konkan & Goa,2022,2705.813720703125
Konkan & Goa,2023,3015.529052734375
Konkan & Goa,2024,2794.77880859375
Konkan & Goa,2025,2542.591552734375
Konkan & Goa,2026,2830.623291015625
Konkan & Goa,2027,3058.733154296875
Konkan & Goa,2028,2947.176025390625
Konkan & Goa,2029,2500.532958984375
Konkan & Goa,2030,2682.494140625
Lakshadweep,2018,1425.3109130859375
Lakshadweep,2019,1493.6669921875
Lakshadweep,2020,1573.9168701171875
Lakshadweep,2021,1587.17529296875
Lakshadweep,2022,1769.931884765625
Lakshadweep,2023,1777.6239013671875
Lakshadweep,2024,1957.509521484375
Lakshadweep,2025,2164.864990234375
Lakshadweep,2026,2308.458984375
Lakshadweep,2027,2375.351806640625
Lakshadweep,2028,2575.160888671875
Lakshadweep,2029,2772.70703125
Lakshadweep,2030,2589.344482421875
Madhya Maharashtra,2018,856.68695068359375
Madhya Maharashtra,2019,889.25848388671875
Madhya Maharashtra,2020,992.5599365234375
Madhya Maharashtra,2021,927.49566650390625
Madhya Maharashtra,2022,945.29425048828125
Madhya Maharashtra,2023,989.24371337890625
Madhya Maharashtra,2024,931.07513427734375
Madhya Maharashtra,2025,979.9794921875
Madhya Maharashtra,2026,1032.8350830078125
Madhya Maharashtra,2027,920.67413330078125
Madhya Maharashtra,2028,1048.919677734375
Madhya Maharashtra,2029,1104.318359375
Madhya Maharashtra,2030,916.15045166015625
Matathwada,2018,707.64801025390625
Matathwada,2019,751.59521484375
Matathwada,2020,733.021728515625
Matathwada,2021,755.19482421875
Matathwada,2022,716.9000244140625
Matathwada,2023,703.86395263671875
Matathwada,2024,743.16387939453125
Matathwada,2025,721.00042724609375
Matathwada,2026,691.21429443359375
Matathwada,2027,704.4346923828125
Matathwada,2028,720.80712890625
Matathwada,2029,691.62432861328125
Matathwada,2030,714.1199951171875
Naga Mani Mizo Tripura,2018,2440.500732421875
Naga Mani Mizo Tripura,2019,2605.950927734375
Naga Mani Mizo Tripura,2020,2719.6982421875
Naga Mani Mizo Tripura,2021,2588.4755859375
Naga Mani Mizo Tripura,2022,2681.83935546875
Naga Mani Mizo Tripura,2023,2605.2080078125
Naga Mani Mizo Tripura,2024,2755.489013671875
Naga Mani Mizo Tripura,2025,2755.979248046875
Naga Mani Mizo Tripura,2026,2695.77734375
Naga Mani Mizo Tripura,2027,2781.208251953125
Naga Mani Mizo Tripura,2028,2792.7001953125
Naga Mani Mizo Tripura,2029,2729.11328125
Naga Mani Mizo Tripura,2030,2748.8759765625
North Interior Karnataka,2018,694.0499267578125
North Interior Karnataka,2019,655.16412353515625
North Interior Karnataka,2020,662.736083984375
North Interior Karnataka,2021,668.85491943359375
North Interior Karnataka,2022,681.095703125
North Interior Karnataka,2023,653.50634765625
North Interior Karnataka,2024,645.0953369140625
North Interior Karnataka,2025,639.004638671875
North Interior Karnataka,2026,638.60589599609375
North Interior Karnataka,2027,678.6109619140625
North Interior Karnataka,2028,663.55291748046875
North Interior Karnataka,2029,637.5631103515625
North Interior Karnataka,2030,644.34735107421875
Orissa,2018,1406.32177734375
Orissa,2019,1511.5635986328125
Orissa,2020,1456.4678955078125
Orissa,2021,1514.0753173828125
Orissa,2022,1560.4276123046875
Orissa,2023,1595.612060546875
Orissa,2024,1751.948486328125
Orissa,2025,1792.5235595703125
Orissa,2026,1922.61083984375
Orissa,2027,2042.27978515625
Orissa,2028,2377.8251953125
Orissa,2029,2381.666015625
Orissa,2030,2648.224609375
Punjab,2018,529.58966064453125
Punjab,2019,476.0731201171875
Punjab,2020,537.1839599609375
Punjab,2021,514.99505615234375
Punjab,2022,557.404541015625
Punjab,2023,566.41168212890625
Punjab,2024,581.427734375
Punjab,2025,616.6578369140625
Punjab,2026,598.35601806640625
Punjab,2027,649.801025390625
Punjab,2028,634.2103271484375
Punjab,2029,632.5455322265625
Punjab,2030,674.94940185546875
Rayalseema,2018,799.037353515625
Rayalseema,2019,754.27276611328125
Rayalseema,2020,877.14288330078125
Rayalseema,2021,747.8409423828125
Rayalseema,2022,797.22357177734375
Rayalseema,2023,794.73681640625
Rayalseema,2024,814.1610107421875
Rayalseema,2025,859.79095458984375
Rayalseema,2026,831.880126953125
Rayalseema,2027,873.37933349609375
Rayalseema,2028,885.508056640625
Rayalseema,2029,870.63018798828125
Rayalseema,2030,897.341552734375
Saurashtra & Kutch,2018,504.479248046875
Saurashtra & Kutch,2019,540.72479248046875
Saurashtra & Kutch,2020,578.84466552734375
Saurashtra & Kutch,2021,591.01702880859375
Saurashtra & Kutch,2022,593.05523681640625
Saurashtra & Kutch,2023,584.36419677734375
Saurashtra & Kutch,2024,584.80511474609375
Saurashtra & Kutch,2025,586.63067626953125
Saurashtra & Kutch,2026,586.06671142578125
Saurashtra & Kutch,2027,594.74676513671875
Saurashtra & Kutch,2028,575.182861328125
Saurashtra & Kutch,2029,591.4669189453125
Saurashtra & Kutch,2030,576.828369140625
South Interior Karnataka,2018,954.44281005859375
South Interior Karnataka,2019,959.7998046875
South Interior Karnataka,2020,983.01727294921875
South Interior Karnataka,2021,991.814208984375
South Interior Karnataka,2022,1053.6380615234375
South Interior Karnataka,2023,1101.3079833984375
South Interior Karnataka,2024,1078.0601806640625
South Interior Karnataka,2025,1063.612060546875
South Interior Karnataka,2026,1075.4803466796875
South Interior Karnataka,2027,1076.2838134765625
South Interior Karnataka,2028,1078.2493896484375
South Interior Karnataka,2029,1064.248779296875
South Interior Karnataka,2030,1070.19384765625
Sub Himalayan West Bengal & Sikkim,2018,2554.165771484375
Sub Himalayan West Bengal & Sikkim,2019,2536.024169921875
Sub Himalayan West Bengal & Sikkim,2020,2574.42431640625
Sub Himalayan West Bengal & Sikkim,2021,2744.025146484375
Sub Himalayan West Bengal & Sikkim,2022,2705.03857421875
Sub Himalayan West Bengal & Sikkim,2023,2613.72021484375
Sub Himalayan West Bengal & Sikkim,2024,2818.12060546875
Sub Himalayan West Bengal & Sikkim,2025,2736.239013671875
Sub Himalayan West Bengal & Sikkim,2026,2878.74072265625
Sub Himalayan West Bengal & Sikkim,2027,2734.17431640625
Sub Himalayan West Bengal & Sikkim,2028,2832.23388671875
Sub Himalayan West Bengal & Sikkim,2029,2743.893798828125
Sub Himalayan West Bengal & Sikkim,2030,2850.05859375
Tamil Nadu,2018,837.1534423828125
Tamil Nadu,2019,887.9151611328125
Tamil Nadu,2020,925.287841796875
Tamil Nadu,2021,888.0001220703125
Tamil Nadu,2022,907.58892822265625
Tamil Nadu,2023,893.57269287109375
Tamil Nadu,2024,897.64910888671875
Tamil Nadu,2025,896.6768798828125
Tamil Nadu,2026,888.74835205078125
Tamil Nadu,2027,869.19781494140625
Tamil Nadu,2028,912.7637939453125
Tamil Nadu,2029,909.48004150390625
Tamil Nadu,2030,882.83209228515625
Telangana,2018,976.4918212890625
Telangana,2019,930.06842041015625
Telangana,2020,912.36578369140625
Telangana,2021,1009.5056762695313
Telangana,2022,848.3079833984375
Telangana,2023,957.9654541015625
Telangana,2024,985.8797607421875
Telangana,2025,948.474365234375
Telangana,2026,1047.63916015625
Telangana,2027,1022.6676025390625
Telangana,2028,1054.9007568359375
Telangana,2029,1069.289794921875
Telangana,2030,1095.114013671875
Uttarakhand,2018,1489.9268798828125
Uttarakhand,2019,1456.9976806640625
Uttarakhand,2020,1516.575439453125
Uttarakhand,2021,1556.8995361328125
Uttarakhand,2022,1601.679443359375
Uttarakhand,2023,1779.4349365234375
Uttarakhand,2024,1819.5206298828125
Uttarakhand,2025,2080.047119140625
Uttarakhand,2026,2067.183837890625
Uttarakhand,2027,2312.168212890625
Uttarakhand,2028,2398.786376953125
Uttarakhand,2029,2535.024169921875
Uttarakhand,2030,2624.875244140625
Vidarbha,2018,1079.8929443359375
Vidarbha,2019,1093.26220703125
Vidarbha,2020,924.32916259765625
Vidarbha,2021,1094.7025146484375
Vidarbha,2022,1065.979248046875
Vidarbha,2023,974.7152099609375
Vidarbha,2024,1105.4429931640625
Vidarbha,2025,1046.413818359375
Vidarbha,2026,1062.5714111328125
Vidarbha,2027,1051.217529296875
Vidarbha,2028,1090.0133056640625
Vidarbha,2029,1062.033203125
Vidarbha,2030,1075.66943359375
West Madhya Pradesh,2018,1021.2286987304688
West Madhya Pradesh,2019,952.0155029296875
West Madhya Pradesh,2020,1013.3577270507813
West Madhya Pradesh,2021,1040.150146484375
West Madhya Pradesh,2022,1032.9583740234375
West Madhya Pradesh,2023,1073.18505859375
West Madhya Pradesh,2024,1074.9180908203125
West Madhya Pradesh,2025,1086.3109130859375
West Madhya Pradesh,2026,1067.4866943359375
West Madhya Pradesh,2027,1067.362060546875
West Madhya Pradesh,2028,1083.3272705078125
West Madhya Pradesh,2029,1076.73388671875
West Madhya Pradesh,2030,1073.4339599609375
West Rajasthan,2018,436.0998840332031
West Rajasthan,2019,416.44525146484375
West Rajasthan,2020,485.9393005371094
West Rajasthan,2021,534.4671630859375
West Rajasthan,2022,472.0320739746094
West Rajasthan,2023,517.223876953125
West Rajasthan,2024,514.41351318359375
West Rajasthan,2025,537.74169921875
West Rajasthan,2026,555.873291015625
West Rajasthan,2027,579.60772705078125
West Rajasthan,2028,626.2119140625
West Rajasthan,2029,594.37310791015625
West Rajasthan,2030,629.39837646484375
West Uttar Pradesh,2018,651.47943115234375
West Uttar Pradesh,2019,645.77984619140625
West Uttar Pradesh,2020,639.59027099609375
West Uttar Pradesh,2021,644.94970703125
West Uttar Pradesh,2022,668.05108642578125
West Uttar Pradesh,2023,635.28515625
West Uttar Pradesh,2024,634.5081787109375
West Uttar Pradesh,2025,668.05450439453125
West Uttar Pradesh,2026,661.4200439453125
West Uttar Pradesh,2027,631.5679931640625
West Uttar Pradesh,2028,642.8809814453125
West Uttar Pradesh,2029,668.05450439453125
West Uttar Pradesh,2030,656.14654541015625
